"sound.files","selec","duration","meanfreq","sd","median","Q25","Q75","IQR","skew","kurt","sp.ent","sfm","mode","centroid","peakf","meanfun","minfun","maxfun","meandom","mindom","maxdom","dfrange","modindx"
"test_audio.wav","0",20,0.182562010024772,0.0581048441119959,0.184527220630372,0.158051575931232,0.212005730659026,0.0539541547277937,2.47181204319268,10.1981946889433,0.92286844770019,0.505435557751613,0.181919770773639,0.182562010024772,0,0.119551349795763,0.0433628318584071,0.273913043478261,0.390582456683168,0,3.57451171875,3.57451171875,0.0495314591700134
